,logo_1_total_frames,logo_2_total_frames,logo_3_total_frames,logo_4_total_frames,logo_5_total_frames,logo_1_avg_logo_size,logo_2_avg_logo_size,logo_3_avg_logo_size,logo_4_avg_logo_size,logo_5_avg_logo_size,logo_1_most_appeared_position,logo_2_most_appeared_position,logo_3_most_appeared_position,logo_4_most_appeared_position,logo_5_most_appeared_positio,video,logos,target
0,5,0,0,0,0,0.2015,0,0,0,0,Top right,0,0,0,0,C:/Users/manas_nmr2rze/Desktop/Capstone/NI Ad Feature Extraction Project Files/Airwick Freshmatic 15s TVC.mp4,['Cadillac'],0
1,40,0,0,0,0,3.9295,0,0,0,0,Right center,0,0,0,0,C:/Users/manas_nmr2rze/Desktop/Capstone/NI Ad Feature Extraction Project Files/ANZ - Close Shot - AMO2044 30 TVC.mp4,['Australia and New Zealand Banking Group'],1
2,59,12,0,0,0,1.21534,0.0912,0,0,0,Top left,Lower left,0,0,0,C:/Users/manas_nmr2rze/Desktop/Capstone/NI Ad Feature Extraction Project Files/Anz - GoBiz V5 Client 30 TVC.mp4,"['Australia and New Zealand Banking Group', 'Bentley']",1
3,40,22,0,0,0,3.9318,0.259,0,0,0,Right center,Lower left,0,0,0,C:/Users/manas_nmr2rze/Desktop/Capstone/NI Ad Feature Extraction Project Files/ANZ - Wide Shot - AMO2028 30 TVC.mp4,"['Australia and New Zealand Banking Group', 'Asoriba']",1
4,49,0,0,0,0,3.4932,0,0,0,0,Top left,0,0,0,0,C:/Users/manas_nmr2rze/Desktop/Capstone/NI Ad Feature Extraction Project Files/ANZ Business Client 15s TVC VIEWING TWO.mp4,['Australia and New Zealand Banking Group'],1
5,18,6,0,0,0,6.4232,0.125,0,0,0,Bottom center,Top right,0,0,0,C:/Users/manas_nmr2rze/Desktop/Capstone/NI Ad Feature Extraction Project Files/ANZ FWB Animatic - Launch TVC.mp4,"['Australia and New Zealand Banking Group', 'Ford Motor Company']",1
6,287,10,0,0,0,4.445042857,0.1813,0,0,0,Top left,Top right,0,0,0,C:/Users/manas_nmr2rze/Desktop/Capstone/NI Ad Feature Extraction Project Files/ANZ FWB Animatic - Score Check TVC.mp4,"['Australia and New Zealand Banking Group', 'Koh-i-Noor Hardtmuth']",1
7,19,19,0,0,0,6.3286,26.0721,0,0,0,Bottom center,Center of screen,0,0,0,C:/Users/manas_nmr2rze/Desktop/Capstone/NI Ad Feature Extraction Project Files/ANZ FWB Animatic - Setting a Goal TVC.mp4,"['Australia and New Zealand Banking Group', 'Churchill Insurance']",1
8,8,6,6,3,2,0.2754,4.0549,0.7599,0.2299,0.1317,Bottom center,Center of screen,Left center,Top right,Top left,C:/Users/manas_nmr2rze/Desktop/Capstone/NI Ad Feature Extraction Project Files/Apple iWatch Series 5 30 TVC.mp4,"['APUS Group', 'Apple Watch', 'Apple Inc.', 'Altair Engineering', 'Land Rover']",2
9,19,0,0,0,0,3.2551,0,0,0,0,Bottom center,0,0,0,0,C:/Users/manas_nmr2rze/Desktop/Capstone/NI Ad Feature Extraction Project Files/Aus Govt - Tax Return Lodgement 15 TVC.mp4,['Bureau of Meteorology'],0
10,17,11,5,0,0,5.2136,1.8852,25.7218,0,0,Bottom center,Lower right,Center of screen,0,0,C:/Users/manas_nmr2rze/Desktop/Capstone/NI Ad Feature Extraction Project Files/Australia Post - 1 Dollar Coin Collectables 15 TVC.mp4,"['Australia Post', 'Lysol', 'NextDC']",1
11,108,22,22,21,0,1.083575,0.2792,0.3496,0.3184,0,Lower right,Lower left,Lower left,Lower right,0,C:/Users/manas_nmr2rze/Desktop/Capstone/NI Ad Feature Extraction Project Files/Australian Balet Show - Sylvia 15 TVC.mp4,"['The Australian Ballet', 'Bloch', 'Council for Chemical Research', 'Telstra']",1
12,125,0,0,0,0,0.1905,0,0,0,0,Top right,0,0,0,0,C:/Users/manas_nmr2rze/Desktop/Capstone/NI Ad Feature Extraction Project Files/Bega - Simply Nuts Peanut Butter 15 TVC.mp4,['Red Bull'],0
13,49,23,9,0,0,2.1448,16.1789,0.12,0,0,Top left,Right center,Top left,0,0,C:/Users/manas_nmr2rze/Desktop/Capstone/NI Ad Feature Extraction Project Files/Bonds - Fathers Day Package 15 TVC.mp4,"['Bonds', 'Flight Centre', 'Xiaomi']",1
14,8,2,0,0,0,0.5525,0.1275,0,0,0,Top left,Top right,0,0,0,C:/Users/manas_nmr2rze/Desktop/Capstone/NI Ad Feature Extraction Project Files/Bunnings Trade 15 TVC.mp4,"['Bunnings Warehouse', 'QMobile']",1
15,9,0,0,0,0,6.7262,0,0,0,0,Left center,0,0,0,0,C:/Users/manas_nmr2rze/Desktop/Capstone/NI Ad Feature Extraction Project Files/Bupa - Life Happens 30 TVC.mp4,['Bupa'],1
16,49,18,0,0,0,3.963125,2.4397,0,0,0,Lower left,Top left,0,0,0,C:/Users/manas_nmr2rze/Desktop/Capstone/NI Ad Feature Extraction Project Files/Coles - Chicken Drumsticks and Salad 15 TVC.mp4,"['Coles Supermarkets', 'Queensland Fire and Emergency Services']",1
17,101,31,31,13,0,2.829933333,0.2667,0.2807,0.3178,0,Lower right,Lower right,Top left,Top left,0,C:/Users/manas_nmr2rze/Desktop/Capstone/NI Ad Feature Extraction Project Files/Deliveroo Food Freedom 15s TVC.mp4,"['Deliveroo', 'Nescafé', 'Unilever', 'Google Maps']",1
18,45,30,23,0,0,0.5054,3.43455,4.5651,0,0,Lower left,Lower left,Bottom center,0,0,C:/Users/manas_nmr2rze/Desktop/Capstone/NI Ad Feature Extraction Project Files/Disney Plus - Star No Zombies 30 TVC.mp4,"['Monetary Authority of Singapore', 'The Walt Disney Company', 'Star India']",2
19,15,2,0,0,0,4.599533333,0.2567,0,0,0,Center of screen,Bottom center,0,0,0,C:/Users/manas_nmr2rze/Desktop/Capstone/NI Ad Feature Extraction Project Files/Google Home Devices 30 TVC.mp4,"['Google', 'Jeep']",1
20,45,13,9,3,0,2.6926,1.1906,0.0944,0.5741,0,Top left,Lower right,Lower right,Lower left,0,C:/Users/manas_nmr2rze/Desktop/Capstone/NI Ad Feature Extraction Project Files/Hungry Jack's Coffee 15s TVC.mp4,"[""Hungry Jack's"", 'The North Face', 'Daihatsu', 'Alligator Records']",1
21,5,2,0,0,0,90.569,0.6975,0,0,0,Center of screen,Lower right,0,0,0,C:/Users/manas_nmr2rze/Desktop/Capstone/NI Ad Feature Extraction Project Files/John Lewis Christmas Ad 2018 TVC.mp4,"['DNEG', 'Nickelodeon Studios']",1
22,27,27,14,14,14,0.51455,0.3251,0.1732,0.3053,0.5336,Lower right,Lower left,Lower left,Lower left,Lower left,C:/Users/manas_nmr2rze/Desktop/Capstone/NI Ad Feature Extraction Project Files/Joker Movie Trailer 15 TVC.mp4,"['Warner Bros.', 'Maghreb Arabe Press', 'DC Comics', 'Bron Studios', 'Village Roadshow']",1
23,18,15,5,4,0,2.4308,0.2513,0.3599,3.9686,0,Right center,Top right,Top left,Center of screen,0,C:/Users/manas_nmr2rze/Desktop/Capstone/NI Ad Feature Extraction Project Files/KitKat 15s TVC.mp4,"['Kit Kat', 'Nation of Islam', ""McDonald's"", ""Mr Lee's Noodles""]",1
24,12,0,0,0,0,6.9478,0,0,0,0,Center of screen,0,0,0,0,C:/Users/manas_nmr2rze/Desktop/Capstone/NI Ad Feature Extraction Project Files/Klarna - Get them Boots 15 TVC.mp4,['Klarna'],1
25,58,0,0,0,0,1.66155,0,0,0,0,Lower right,0,0,0,0,C:/Users/manas_nmr2rze/Desktop/Capstone/NI Ad Feature Extraction Project Files/L'Oreal Revitalift Laser 30s TVC.mp4,"[""L'Oréal""]",1
26,46,10,5,0,0,0.86822,0.2539,0.4071,0,0,Center of screen,Lower left,Lower left,0,0,C:/Users/manas_nmr2rze/Desktop/Capstone/NI Ad Feature Extraction Project Files/LavAzza 30s TVC.mp4,"['Lavazza', 'Electronic Arts', 'Koh-i-Noor Hardtmuth']",1
27,15,12,0,0,0,1.155,1.2258,0,0,0,Lower right,Bottom center,0,0,0,C:/Users/manas_nmr2rze/Desktop/Capstone/NI Ad Feature Extraction Project Files/Melbourne City - Cant Miss 30 TVC.mp4,"['Megelli Motorcycles', 'Department of Health and Human Services']",2
28,97,5,0,0,0,4.47645,0.1477,0,0,0,Center of screen,Lower right,0,0,0,C:/Users/manas_nmr2rze/Desktop/Capstone/NI Ad Feature Extraction Project Files/MG ZS Sale 30 TVC.mp4,"['MG', 'Pepsi']",1
29,78,0,0,0,0,11.804825,0,0,0,0,Center of screen,0,0,0,0,C:/Users/manas_nmr2rze/Desktop/Capstone/NI Ad Feature Extraction Project Files/MyBudget - Aaron and Jake.mp4,['MyBudget'],1
30,68,4,3,0,0,8.14775,0.4327,0.1021,0,0,Center of screen,Lower left,Lower left,0,0,C:/Users/manas_nmr2rze/Desktop/Capstone/NI Ad Feature Extraction Project Files/MyBudget - Jaz and Reid.mp4,"['MyBudget', 'Kawasaki Heavy Industries', 'Mountain Dew']",1
31,37,37,12,2,0,0.9311,1.002,1.537,0.1959,0,Lower left,Bottom center,Lower left,Lower right,0,C:/Users/manas_nmr2rze/Desktop/Capstone/NI Ad Feature Extraction Project Files/Oppo Reno5G Phone 15 TVC.mp4,"['Bose Corporation', 'YouTube', 'Oppo', 'Oakley, Inc.']",3
32,23,0,0,0,0,23.30525,0,0,0,0,Center of screen,0,0,0,0,C:/Users/manas_nmr2rze/Desktop/Capstone/NI Ad Feature Extraction Project Files/Ostelin 30s TVC.mp4,['WVTM-TV'],0
33,95,15,0,0,0,1.8942,0.4891,0,0,0,Right center,Top right,0,0,0,C:/Users/manas_nmr2rze/Desktop/Capstone/NI Ad Feature Extraction Project Files/RACV Home 30 TVC.mp4,"['Royal Automobile Club of Victoria', 'Munich']",1
34,12,10,0,0,0,1.5932,0.0908,0,0,0,Center of screen,Lower left,0,0,0,C:/Users/manas_nmr2rze/Desktop/Capstone/NI Ad Feature Extraction Project Files/Samsung Fridge 15s TVC.mp4,"['Samsung Group', 'Smart']",1
35,22,8,4,0,0,4.0385,0.1067,0.6092,0,0,Center of screen,Top right,Right center,0,0,C:/Users/manas_nmr2rze/Desktop/Capstone/NI Ad Feature Extraction Project Files/Spark - Wedding TVC.mp4,"['Spark New Zealand', 'Bajaj Auto', 'EMS']",1
36,194,34,4,4,3,0.22225,0.5669,0.9642,3.3738,9.2685,Lower left,Lower left,Left center,Right center,Center of screen,C:/Users/manas_nmr2rze/Desktop/Capstone/NI Ad Feature Extraction Project Files/Spiderman Far From Home Movie Trailer 30 TVC.mp4,"['Marvel Comics', 'Sony Pictures', 'Sony', 'Marvel Studios', 'Ralph Lauren Corporation']",1
37,6,4,3,0,0,0.5721,0.1336,1.6725,0,0,Top left,Top left,Right center,0,0,C:/Users/manas_nmr2rze/Desktop/Capstone/NI Ad Feature Extraction Project Files/Steel Blue Boots 15s TVC.mp4,"['Touch Surgery', 'New York Giants', 'Oakland Raiders']",0
38,17,4,0,0,0,2.7199,0.5143,0,0,0,Center of screen,Left center,0,0,0,C:/Users/manas_nmr2rze/Desktop/Capstone/NI Ad Feature Extraction Project Files/Subway - New Hot Grilled Paninis.mp4,"['Subway', 'WIN Television']",1
39,22,0,0,0,0,4.054,0,0,0,0,Top center,0,0,0,0,C:/Users/manas_nmr2rze/Desktop/Capstone/NI Ad Feature Extraction Project Files/Subway - Paninis Subs and Wraps.mp4,['Subway'],1
40,14,0,0,0,0,2.7052,0,0,0,0,Right center,0,0,0,0,C:/Users/manas_nmr2rze/Desktop/Capstone/NI Ad Feature Extraction Project Files/TAB Long May We Play 15s TVC.mp4,['Tabcorp Holdings'],1
41,162,56,27,0,0,1.1066,0.49745,0.22385,0,0,Lower left,Top left,Lower right,0,0,C:/Users/manas_nmr2rze/Desktop/Capstone/NI Ad Feature Extraction Project Files/Toyota Toyotathon 30s TVC.mp4,"['Toyota', 'Origin Energy', 'Finlux']",1
42,43,0,0,0,0,4.1911,0,0,0,0,Lower right,0,0,0,0,C:/Users/manas_nmr2rze/Desktop/Capstone/NI Ad Feature Extraction Project Files/Vic Gov - Metro Tunnel 30 TVC.mp4,['Department of Health and Human Services'],1
43,3,0,0,0,0,1.6824,0,0,0,0,Bottom center,0,0,0,0,C:/Users/manas_nmr2rze/Desktop/Capstone/NI Ad Feature Extraction Project Files/Voltaren Emulgel Tennis Match 30 TVC.mp4,['Pepsi'],0
44,22,0,0,0,0,1.72,0,0,0,0,Top right,0,0,0,0,C:/Users/manas_nmr2rze/Desktop/Capstone/NI Ad Feature Extraction Project Files/Weetbix - Aussie Kids are Weetbix Kids 15 TVC.mp4,['Sanitarium Health and Wellbeing Company'],0
45,51,2,0,0,0,10.618,1.2091,0,0,0,Center of screen,Lower left,0,0,0,C:/Users/manas_nmr2rze/Desktop/Capstone/NI Ad Feature Extraction Project Files/Wolf Bass Mountain 15 TVC.mp4,"['Wolf Blass', 'Helly Hansen']",1
46,50,8,0,0,0,0.6553,1.2343,0,0,0,Top center,Center of screen,0,0,0,C:/Users/manas_nmr2rze/Desktop/Capstone/NI Ad Feature Extraction Project Files V2/1-BHP-MicroCopper-MoodMatic.mp4,"['BHP', 'Think Mutual Bank']",1
47,25,3,0,0,0,4.56305,0.47,0,0,0,Lower left,Right center,0,0,0,C:/Users/manas_nmr2rze/Desktop/Capstone/NI Ad Feature Extraction Project Files V2/13 Cabs - Rideshare bashing 15 TVC.mp4,"['13CABS', 'Nike']",1
48,68,5,0,0,0,3.17175,1.1046,0,0,0,Top center,Lower left,0,0,0,C:/Users/manas_nmr2rze/Desktop/Capstone/NI Ad Feature Extraction Project Files V2/1Coles - Prawns and Pudding 30 Client TVC.mp4,"['Coles Supermarkets', 'Marine Stewardship Council']",1
49,16,0,0,0,0,0.7801,0,0,0,0,Center of screen,0,0,0,0,C:/Users/manas_nmr2rze/Desktop/Capstone/NI Ad Feature Extraction Project Files V2/2-BHP-Medicine-MoodMatic.mp4,['BHP'],1
50,40,0,0,0,0,2.733,0,0,0,0,Lower left,0,0,0,0,C:/Users/manas_nmr2rze/Desktop/Capstone/NI Ad Feature Extraction Project Files V2/2Coles - Christmas Cartoon ver 45 Client TVC.mp4,['Coles Supermarkets'],1
51,50,15,0,0,0,0.3904,1.3004,0,0,0,Top center,Center of screen,0,0,0,C:/Users/manas_nmr2rze/Desktop/Capstone/NI Ad Feature Extraction Project Files V2/3-BHP-WaterSteel-MoodMatic.mp4,"['BHP', 'Think Mutual Bank']",1
52,46,8,0,0,0,1.75334,0.1128,0,0,0,Top center,Top left,0,0,0,C:/Users/manas_nmr2rze/Desktop/Capstone/NI Ad Feature Extraction Project Files V2/3Coles - Mangos with Marie Piccone 30 Client TVC.mp4,"['Coles Supermarkets', 'Save the Elephants']",1
53,18,16,10,8,0,0.2322,3.67715,0.3473,0.14,0,Lower right,Bottom center,Lower left,Lower right,0,C:/Users/manas_nmr2rze/Desktop/Capstone/NI Ad Feature Extraction Project Files V2/4Coles - Insurance 30 Client TVC.mp4,"['QMobile', 'Coles Supermarkets', 'SCA', 'ABB Group']",2
54,49,2,0,0,0,3.1424,0.2057,0,0,0,Top center,Top left,0,0,0,C:/Users/manas_nmr2rze/Desktop/Capstone/NI Ad Feature Extraction Project Files V2/5Coles - Christmas Normal ver 45 Client TVC.mp4,"['Coles Supermarkets', 'Puma']",1
55,57,6,6,0,0,0.747716667,11.8793,1.7452,0,0,Lower left,Center of screen,Left center,0,0,C:/Users/manas_nmr2rze/Desktop/Capstone/NI Ad Feature Extraction Project Files V2/A Beautiful day in the neighborhood Movie Trailer 30 TVC.mp4,"['PCL Construction', 'TriStar Pictures', 'Sony']",2
56,4,0,0,0,0,20.2379,0,0,0,0,Center of screen,0,0,0,0,C:/Users/manas_nmr2rze/Desktop/Capstone/NI Ad Feature Extraction Project Files V2/A2 Milk 30 TVC.mp4,['Ralph Lauren Corporation'],0
57,34,0,0,0,0,18.8879,0,0,0,0,Left center,0,0,0,0,C:/Users/manas_nmr2rze/Desktop/Capstone/NI Ad Feature Extraction Project Files V2/AAMI Insurance 30 TVC.mp4,['AAMI'],1
58,18,0,0,0,0,20.262,0,0,0,0,Center of screen,0,0,0,0,C:/Users/manas_nmr2rze/Desktop/Capstone/NI Ad Feature Extraction Project Files V2/AGL 15 TVC.mp4,['AGL Energy'],1
59,21,0,0,0,0,1.8326,0,0,0,0,Left center,0,0,0,0,C:/Users/manas_nmr2rze/Desktop/Capstone/NI Ad Feature Extraction Project Files V2/AHM - Freebie 15 TVC.mp4,['ANM'],0
60,6,5,4,4,2,0.1883,0.1112,0.269,0.1378,0.1146,Lower right,Top right,Top left,Top right,Top left,C:/Users/manas_nmr2rze/Desktop/Capstone/NI Ad Feature Extraction Project Files V2/Amazon - Holiday 2019 30 TVC.mp4,"['Amazon', 'Nike', 'Steingraeber & Söhne', 'O2', 'Ford Motor Company']",1
61,48,0,0,0,0,4.5839,0,0,0,0,Top left,0,0,0,0,C:/Users/manas_nmr2rze/Desktop/Capstone/NI Ad Feature Extraction Project Files V2/Arnotts - Tim Tams Genie Lamp 15 TVC.mp4,['Arnotts'],1
62,64,8,5,2,2,2.4421,0.1141,0.7373,0.0966,0.0981,Lower right,Top left,Top right,Top left,Top right,C:/Users/manas_nmr2rze/Desktop/Capstone/NI Ad Feature Extraction Project Files V2/Bankwest - Bank Less 30 TVC.mp4,"['Bankwest', 'Chanel', 'New York Jets', 'Renault Trucks', 'Bentley']",1
63,42,42,0,0,0,2.1427,0.502,0,0,0,Top right,Top right,0,0,0,C:/Users/manas_nmr2rze/Desktop/Capstone/NI Ad Feature Extraction Project Files V2/Bankwest - Platinum Mastercard 15 TVC.mp4,"['Bankwest', 'Mastercard']",1
64,30,14,14,0,0,1.2795,1.0623,0.466,0,0,Left center,Center of screen,Lower right,0,0,C:/Users/manas_nmr2rze/Desktop/Capstone/NI Ad Feature Extraction Project Files V2/BHP Animatic Solar 30 Client TVC.mp4,"['Think Mutual Bank', 'BHP', 'Apple Inc.']",2
65,33,12,0,0,0,0.6611,1.054,0,0,0,Top center,Top left,0,0,0,C:/Users/manas_nmr2rze/Desktop/Capstone/NI Ad Feature Extraction Project Files V2/BHP Animatic Water 30 Client TVC.mp4,"['BHP', 'Harley-Davidson']",1
66,13,13,0,0,0,0.9351,0.57485,0,0,0,Center of screen,Lower right,0,0,0,C:/Users/manas_nmr2rze/Desktop/Capstone/NI Ad Feature Extraction Project Files V2/BHP Animatic_Medical 30 Client TVC.mp4,"['BHP', 'Lenovo']",1
67,15,8,6,0,0,0.8861,0.194,0.1024,0,0,Lower right,Top center,Lower left,0,0,C:/Users/manas_nmr2rze/Desktop/Capstone/NI Ad Feature Extraction Project Files V2/BHP-MoonAnimatic-30.mp4,"['BHP', 'Under Armour', 'Smart']",1
68,57,5,0,0,0,6.2292,0.7539,0,0,0,Left center,Lower left,0,0,0,C:/Users/manas_nmr2rze/Desktop/Capstone/NI Ad Feature Extraction Project Files V2/Bonds - Bonded by Family 15 TVC.mp4,"['Bonds', 'Bapatla Engineering College']",1
69,44,6,0,0,0,1.823266667,0.3372,0,0,0,Top left,Lower right,0,0,0,C:/Users/manas_nmr2rze/Desktop/Capstone/NI Ad Feature Extraction Project Files V2/CBA - Hotcakes Truck 30 TVC.mp4,"['Commonwealth Bank', 'Pizza Hut']",1
70,32,0,0,0,0,0.6782,0,0,0,0,Lower left,0,0,0,0,C:/Users/manas_nmr2rze/Desktop/Capstone/NI Ad Feature Extraction Project Files V2/Charlies Angles Movie Trailer 30 TVC.mp4,['Sony Pictures'],1
71,124,0,0,0,0,1.526466667,0,0,0,0,Lower right,0,0,0,0,C:/Users/manas_nmr2rze/Desktop/Capstone/NI Ad Feature Extraction Project Files V2/Chemist Warehouse - November Catalogue Fragrances Specials 30 TVC.mp4,['Chemist Warehouse'],1
72,9,0,0,0,0,0.5581,0,0,0,0,Left center,0,0,0,0,C:/Users/manas_nmr2rze/Desktop/Capstone/NI Ad Feature Extraction Project Files V2/Dare Ice Coffee 15 TVC.mp4,['Chandigarh Police'],0
73,66,0,0,0,0,1.50416,0,0,0,0,Left center,0,0,0,0,C:/Users/manas_nmr2rze/Desktop/Capstone/NI Ad Feature Extraction Project Files V2/Dulux - Take on me 15 TVC.mp4,['Dulux'],1
74,65,3,0,0,0,1.00776,0.4568,0,0,0,Right center,Bottom center,0,0,0,C:/Users/manas_nmr2rze/Desktop/Capstone/NI Ad Feature Extraction Project Files V2/Fanta - Bold Choice 15 TVC.mp4,"['Fanta', 'A&W Restaurants']",1
75,53,0,0,0,0,1.735533333,0,0,0,0,Center of screen,0,0,0,0,C:/Users/manas_nmr2rze/Desktop/Capstone/NI Ad Feature Extraction Project Files V2/Ferrero Rocher - Unwrap Magic 15 TVC.mp4,['Ferrero Rocher'],1
76,42,4,0,0,0,1.616733333,0.1659,0,0,0,Left center,Right center,0,0,0,C:/Users/manas_nmr2rze/Desktop/Capstone/NI Ad Feature Extraction Project Files V2/Google Search 30 TVC.mp4,"['Google', 'Seagate Technology']",1
77,53,6,0,0,0,1.2817,23.0593,0,0,0,Top right,Center of screen,0,0,0,C:/Users/manas_nmr2rze/Desktop/Capstone/NI Ad Feature Extraction Project Files V2/Heinz - Seriously Good Mayonnaise 15 TVC.mp4,"['Heinz', 'USC Trojans']",1
78,6,4,2,0,0,8.0321,0.0989,0.1106,0,0,Right center,Top left,Lower left,0,0,C:/Users/manas_nmr2rze/Desktop/Capstone/NI Ad Feature Extraction Project Files V2/Herald Sun 30 TVC.mp4,"['Atlanta Falcons', 'ARD', 'Apple Inc.']",0
79,36,7,0,0,0,1.2503,1.309,0,0,0,Top left,Lower right,0,0,0,C:/Users/manas_nmr2rze/Desktop/Capstone/NI Ad Feature Extraction Project Files V2/Highgrove 15 TVC.mp4,"['NBBJ', 'Hibu']",0
80,13,13,0,0,0,11.2348,2.8056,0,0,0,Center of screen,Bottom center,0,0,0,C:/Users/manas_nmr2rze/Desktop/Capstone/NI Ad Feature Extraction Project Files V2/Hungry Jacks - Grill Master Chorizo 15 TVC.mp4,"[""Hungry Jack's"", 'Menulog']",1
81,28,25,11,0,0,1.033233333,4.2587,3.0054,0,0,Lower right,Top center,Bottom center,0,0,C:/Users/manas_nmr2rze/Desktop/Capstone/NI Ad Feature Extraction Project Files V2/Hungry Jacks Whopper Range 15 TVC.mp4,"['Burger King', ""Hungry Jack's"", 'Menulog']",2
82,10,3,0,0,0,0.1958,28.825,0,0,0,Top left,Center of screen,0,0,0,C:/Users/manas_nmr2rze/Desktop/Capstone/NI Ad Feature Extraction Project Files V2/KFC Youth Foundation OOC 15 TVC.mp4,"['Alinta Energy', 'Hollywood Pictures']",0
83,10,2,0,0,0,0.434,0.1734,0,0,0,Lower right,Top left,0,0,0,C:/Users/manas_nmr2rze/Desktop/Capstone/NI Ad Feature Extraction Project Files V2/Last Christmas Movie Trailer 15 TVC.mp4,"['Universal Orlando', 'Taco Bell']",1
84,3,0,0,0,0,0.2685,0,0,0,0,Lower right,0,0,0,0,C:/Users/manas_nmr2rze/Desktop/Capstone/NI Ad Feature Extraction Project Files V2/Lite n Easy - Jump Start 15 TVC.mp4,['Mack Trucks'],0
85,2,0,0,0,0,0.2305,0,0,0,0,Top left,0,0,0,0,C:/Users/manas_nmr2rze/Desktop/Capstone/NI Ad Feature Extraction Project Files V2/Lite n Easy Block branding 30 TVC.mp4,['Thomas Cook Airlines'],0
86,211,0,0,0,0,1.488472727,0,0,0,0,Lower left,0,0,0,0,C:/Users/manas_nmr2rze/Desktop/Capstone/NI Ad Feature Extraction Project Files V2/Maurice Blackburn Injury Compensation Lawyers 15 TVC.mp4,['Maurice Blackburn'],1
87,82,6,0,0,0,1.011325,0.0911,0,0,0,Lower right,Lower right,0,0,0,C:/Users/manas_nmr2rze/Desktop/Capstone/NI Ad Feature Extraction Project Files V2/Mazda 2019 Clearance 15 TVC.mp4,"['Mazda', 'AvtoVAZ']",1
88,101,0,0,0,0,1.845185714,0,0,0,0,Lower left,0,0,0,0,C:/Users/manas_nmr2rze/Desktop/Capstone/NI Ad Feature Extraction Project Files V2/McCafe Breakfast Block Themed 15 TVC.mp4,"[""McDonald's""]",1
89,46,3,2,0,0,4.968383333,40.1937,0.3128,0,0,Right center,Center of screen,Lower left,0,0,C:/Users/manas_nmr2rze/Desktop/Capstone/NI Ad Feature Extraction Project Files V2/McDonalds - Big Mac Travel 30 TVC.mp4,"[""McDonald's"", 'Bipartisan Policy Center', 'Nike']",1
90,32,19,8,6,0,2.5734,0.6522,1.1896,0.0946,0,Center of screen,Top left,Left center,Top left,0,C:/Users/manas_nmr2rze/Desktop/Capstone/NI Ad Feature Extraction Project Files V2/Morning Wars TV series on Apple TV 30 TVC.mp4,"['Apple TV', 'Mario', 'Apple Inc.', 'Koh-i-Noor Hardtmuth']",1
91,22,9,6,0,0,7.26,0.0908,0.1903,0,0,Center of screen,Left center,Top left,0,0,C:/Users/manas_nmr2rze/Desktop/Capstone/NI Ad Feature Extraction Project Files V2/Officeworks - Back to school 30 TVC.mp4,"['Officeworks', 'Acura', 'ICTV']",1
92,50,38,23,2,0,0.205383333,3.1553,14.906,0.5346,0,Lower left,Bottom center,Center of screen,Lower right,0,C:/Users/manas_nmr2rze/Desktop/Capstone/NI Ad Feature Extraction Project Files V2/Optus 5G Gamers 30 Client TVC.mp4,"['Detroit Red Wings', 'Optus', 'Game', 'Lamy']",2
93,14,0,0,0,0,5.7976,0,0,0,0,Center of screen,0,0,0,0,C:/Users/manas_nmr2rze/Desktop/Capstone/NI Ad Feature Extraction Project Files V2/Optus 5G Grannies 30 Client TVC.mp4,['Optus'],1
94,14,5,0,0,0,6.0758,0.1565,0,0,0,Center of screen,Top left,0,0,0,C:/Users/manas_nmr2rze/Desktop/Capstone/NI Ad Feature Extraction Project Files V2/Optus 5G Guitarists 30 Client TVC.mp4,"['Optus', 'Nike']",1
95,19,0,0,0,0,13.6796,0,0,0,0,Center of screen,0,0,0,0,C:/Users/manas_nmr2rze/Desktop/Capstone/NI Ad Feature Extraction Project Files V2/Optus Chicken Salt 30 Client TVC.mp4,['Optus'],1
96,20,12,9,3,0,4.8404,0.1083,0.1372,0.1539,0,Center of screen,Top right,Lower right,Top left,0,C:/Users/manas_nmr2rze/Desktop/Capstone/NI Ad Feature Extraction Project Files V2/Qantas - Making a difference 30 TVC.mp4,"['Qantas', 'European Institute of Oncology', 'Nissan', 'Koh-i-Noor Hardtmuth']",1
97,102,65,4,0,0,3.81192,0.5492,0.18,0,0,Top center,Lower right,Top right,0,0,C:/Users/manas_nmr2rze/Desktop/Capstone/NI Ad Feature Extraction Project Files V2/Suncorp 30 TVC.mp4,"['Suncorp Group', 'Visa Inc.', 'Johnson Controls']",1
98,18,0,0,0,0,10.91095,0,0,0,0,Center of screen,0,0,0,0,C:/Users/manas_nmr2rze/Desktop/Capstone/NI Ad Feature Extraction Project Files V2/Suncorp Block Integrated 15 TVC.mp4,['Suncorp Group'],1
99,25,0,0,0,0,12.4537,0,0,0,0,Center of screen,0,0,0,0,C:/Users/manas_nmr2rze/Desktop/Capstone/NI Ad Feature Extraction Project Files V2/Target - Christmas with love 30 TVC.mp4,['Target Corporation'],1
100,16,7,0,0,0,12.5432,0.2121,0,0,0,Center of screen,Lower right,0,0,0,C:/Users/manas_nmr2rze/Desktop/Capstone/NI Ad Feature Extraction Project Files V2/Target Fashion 15 TVC.mp4,"['Target Corporation', 'Citroën']",1
101,330,34,2,0,0,0.590615385,0.1625,0.1062,0,0,Lower right,Lower left,Left center,0,0,C:/Users/manas_nmr2rze/Desktop/Capstone/NI Ad Feature Extraction Project Files V2/Toyota - Corolla Plate Clearance 30 TVC.mp4,"['Toyota', 'CORFO', 'Volvo Construction Equipment']",1
102,168,0,0,0,0,1.333646667,0,0,0,0,Top right,0,0,0,0,C:/Users/manas_nmr2rze/Desktop/Capstone/NI Ad Feature Extraction Project Files V2/Vicks VapoRub 15 TVC.mp4,['Vicks VapoRub'],1
103,25,2,0,0,0,29.04815,20.3226,0,0,0,Center of screen,Top center,0,0,0,C:/Users/manas_nmr2rze/Desktop/Capstone/NI Ad Feature Extraction Project Files V2/Vodafone - 5 Dollar Roaming 15 TVC.mp4,"['Vodafone', 'Pollo Campero']",1
104,95,12,3,0,0,9.936275,0.6009,1.6315,0,0,Top left,Top left,Top left,0,0,C:/Users/manas_nmr2rze/Desktop/Capstone/NI Ad Feature Extraction Project Files V2/Vodafone 15 TVC.mp4,"['Vodafone', 'Apple Inc.', 'One News']",1
105,176,7,5,0,0,1.6404,0.2188,0.1676,0,0,Lower right,Lower right,Lower left,0,0,C:/Users/manas_nmr2rze/Desktop/Capstone/NI Ad Feature Extraction Project Files V2/VW Golf 30 TVC.mp4,"['Volkswagen', 'General Motors', 'Nissan']",1
106,38,2,0,0,0,3.2263,3.6319,0,0,0,Right center,Left center,0,0,0,C:/Users/manas_nmr2rze/Desktop/Capstone/NI Ad Feature Extraction Project Files V2/Westpac Business 30 TVC.mp4,"['Westpac', 'The Ladd Company']",1
107,57,0,0,0,0,4.47675,0,0,0,0,Top center,0,0,0,0,C:/Users/manas_nmr2rze/Desktop/Capstone/NI Ad Feature Extraction Project Files V2/Woolworths - Summer Holidays Delivered 15 TVC.mp4,['Woolworths Supermarkets'],1
108,31,19,0,0,0,0.1925,6.694,0,0,0,Lower right,Left center,0,0,0,C:/Users/manas_nmr2rze/Desktop/Capstone/NI Ad Feature Extraction Project Files V3/13Cabs - Official Partner 15s TVC.mp4,"['WVTM-TV', '13CABS']",2
109,2,0,0,0,0,19.2377,0,0,0,0,Center of screen,0,0,0,0,C:/Users/manas_nmr2rze/Desktop/Capstone/NI Ad Feature Extraction Project Files V3/A2 Milk - Brand 30 TVC.mp4,['Ralph Lauren Corporation'],0
110,30,21,0,0,0,0.1301,0.1994,0,0,0,Top right,Top right,0,0,0,C:/Users/manas_nmr2rze/Desktop/Capstone/NI Ad Feature Extraction Project Files V3/AirBNB - Will Always Love You 30 TVC.mp4,"['Smart', 'Christopher Ward']",0
111,16,0,0,0,0,6.0295,0,0,0,0,Center of screen,0,0,0,0,C:/Users/manas_nmr2rze/Desktop/Capstone/NI Ad Feature Extraction Project Files V3/Aldi Wise Pizza 15 TVC.mp4,['Aldi'],1
112,57,12,9,0,0,6.25195,0.1282,0.4108,0,0,Lower right,Lower left,Lower right,0,0,C:/Users/manas_nmr2rze/Desktop/Capstone/NI Ad Feature Extraction Project Files V3/Allianz - Home Insurance 15 TVC.mp4,"['Allianz', 'Mazda', 'Hyundai Motor Company']",1
113,48,0,0,0,0,3.5341,0,0,0,0,Top left,0,0,0,0,C:/Users/manas_nmr2rze/Desktop/Capstone/NI Ad Feature Extraction Project Files V3/ANZ - Business Vehicle Equipment Finance 15 TVC.mp4,['Australia and New Zealand Banking Group'],1
114,39,0,0,0,0,4.0417,0,0,0,0,Right center,0,0,0,0,C:/Users/manas_nmr2rze/Desktop/Capstone/NI Ad Feature Extraction Project Files V3/ANZ - QFF Points on Homeloans ft Hoff 30 TVC.mp4,['Australia and New Zealand Banking Group'],1
115,25,22,12,5,0,1.5387,4.7711,0.7913,1.1968,0,Left center,Center of screen,Top left,Lower left,0,C:/Users/manas_nmr2rze/Desktop/Capstone/NI Ad Feature Extraction Project Files V3/Apple TV+ - Billie Elish Doco 30 TVC.mp4,"['Apple Inc.', 'Apple TV', 'Moody Bible Institute', 'M4 carbine']",1
116,42,11,9,2,0,4.447133333,55.1316,0.1686,0.1113,0,Left center,Center of screen,Bottom center,Top right,0,C:/Users/manas_nmr2rze/Desktop/Capstone/NI Ad Feature Extraction Project Files V3/Arnott's The Tim Tam Genie 2021 30 TVC.mp4,"[""Arnott's Biscuits"", 'Land Rover', 'Arnotts', 'Ford Motor Company']",1
117,2,2,2,0,0,68.5049,0.1362,0.2816,0,0,Center of screen,Top right,Top right,0,0,C:/Users/manas_nmr2rze/Desktop/Capstone/NI Ad Feature Extraction Project Files V3/Bank of Melbourne - If you have the will we have the way TVC.mp4,"['Ralph Lauren Corporation', 'Denver Broncos', 'Renault Trucks']",0
118,15,4,4,0,0,5.2864,6.1807,11.9805,0,0,Center of screen,Left center,Center of screen,0,0,C:/Users/manas_nmr2rze/Desktop/Capstone/NI Ad Feature Extraction Project Files V3/BIG W - Every day's a big day 30s Client TVC.mp4,"['Big W', 'Business Academy Aarhus', 'OPEC']",1
119,234,3,0,0,0,1.869645455,0.1248,0,0,0,Lower right,Top right,0,0,0,C:/Users/manas_nmr2rze/Desktop/Capstone/NI Ad Feature Extraction Project Files V3/BINGE Devils Trailer 30 TVC.mp4,"['Bing Lee', 'Browning Arms Company']",0
120,29,25,14,0,0,4.44925,64.2418,0.7058,0,0,Right center,Center of screen,Bottom center,0,0,C:/Users/manas_nmr2rze/Desktop/Capstone/NI Ad Feature Extraction Project Files V3/Bundaberg - Great Australian Brew 30 TVC.mp4,"['Bundaberg Brewed Drinks', 'Brooks Brothers', 'Bournville']",1
121,54,20,13,8,2,8.034366667,0.2996,0.11865,0.1069,43.8758,Lower left,Top left,Lower left,Lower left,Center of screen,C:/Users/manas_nmr2rze/Desktop/Capstone/NI Ad Feature Extraction Project Files V3/Bunnings Warehouse - DIY Person 15 TVC.mp4,"['Bunnings Warehouse', 'AEG', 'MLB', 'Florida State Seminoles', 'USC Trojans']",1
122,9,0,0,0,0,6.7302,0,0,0,0,Left center,0,0,0,0,C:/Users/manas_nmr2rze/Desktop/Capstone/NI Ad Feature Extraction Project Files V3/Bupa - Life Happens 30 TVC.mp4,['Bupa'],1
123,41,0,0,0,0,6.0931,0,0,0,0,Top left,0,0,0,0,C:/Users/manas_nmr2rze/Desktop/Capstone/NI Ad Feature Extraction Project Files V3/CBA - Can Lives Here 30 TVC.mp4,['Commonwealth Bank'],1
124,12,7,3,0,0,1.17655,0.6713,2.4669,0,0,Lower left,Lower right,Lower right,0,0,C:/Users/manas_nmr2rze/Desktop/Capstone/NI Ad Feature Extraction Project Files V3/Cellarbrations - That Calls for Cellarbrations 30 TVC.mp4,"[""Jack Daniel's"", 'Canadian Museum of History', 'HMV']",1
125,29,28,2,2,0,0.2941,1.66025,0.4891,2.244,0,Lower right,Top center,Right center,Lower right,0,C:/Users/manas_nmr2rze/Desktop/Capstone/NI Ad Feature Extraction Project Files V3/Coles Curtis Stone Beef 30 TVC.mp4,"['Penfolds', 'Coles Supermarkets', 'Commonwealth Bank', 'Kerala High Court']",2
126,37,30,12,12,4,0.0907,4.00655,0.4573,0.2176,0.0907,Lower left,Center of screen,Lower right,Top left,Lower right,C:/Users/manas_nmr2rze/Desktop/Capstone/NI Ad Feature Extraction Project Files V3/Commbank - Secure 45 TVC.mp4,"['QMobile', 'Commonwealth Bank', 'Beats Electronics', 'Nike', 'WTSP']",2
127,143,14,0,0,0,1.374154545,0.13995,0,0,0,Lower right,Top right,0,0,0,C:/Users/manas_nmr2rze/Desktop/Capstone/NI Ad Feature Extraction Project Files V3/Ebay - Ebay Tuesdays 15 TVC.mp4,"['eBay', 'Sony']",1
128,23,11,11,7,0,0.2541,1.1566,0.1641,0.1736,0,Top left,Center of screen,Left center,Top left,0,C:/Users/manas_nmr2rze/Desktop/Capstone/NI Ad Feature Extraction Project Files V3/Facebook - Here Together UK - US Request TVC.mp4,"['Max Factor', 'Tokyo FM', 'Babylon Health', 'Facit']",0
129,5,0,0,0,0,82.3824,0,0,0,0,Center of screen,0,0,0,0,C:/Users/manas_nmr2rze/Desktop/Capstone/NI Ad Feature Extraction Project Files V3/Flybuys - Give a Flybuys - Take More Offers 30 TVC.mp4,['Green Bay Packers'],0
130,19,3,0,0,0,0.2996,0.155,0,0,0,Lower right,Top left,0,0,0,C:/Users/manas_nmr2rze/Desktop/Capstone/NI Ad Feature Extraction Project Files V3/Flybuys Vacays 30 TVC.mp4,"['Toyota', 'Monster Energy']",0
131,21,2,0,0,0,0.22585,0.3979,0,0,0,Lower right,Right center,0,0,0,C:/Users/manas_nmr2rze/Desktop/Capstone/NI Ad Feature Extraction Project Files V3/Gumtree Local Marketplace 15 TVC.mp4,"['PayPal', 'Al Yasmina School']",0
132,49,26,9,0,0,3.160133333,0.8042,2.8684,0,0,Top right,Top left,Bottom center,0,0,C:/Users/manas_nmr2rze/Desktop/Capstone/NI Ad Feature Extraction Project Files V3/Hungry Jacks Baconator Burger 15 TVC.mp4,"[""Hungry Jack's"", 'Burger King', 'Menulog']",1
133,22,14,2,0,0,5.8395,3.2413,0.5742,0,0,Top left,Left center,Lower right,0,0,C:/Users/manas_nmr2rze/Desktop/Capstone/NI Ad Feature Extraction Project Files V3/Hungry Jacks Breakie Wrap and Cap 15 TVC.mp4,"[""Hungry Jack's"", 'Atlanta Falcons', 'Sunderland A.F.C.']",1
134,19,17,3,0,0,0.15755,0.1052,1.2888,0,0,Top right,Top center,Left center,0,0,C:/Users/manas_nmr2rze/Desktop/Capstone/NI Ad Feature Extraction Project Files V3/Indeed Australia - The Complete Job Search TVC.mp4,"['Crédit Agricole', 'Qatar Airways', 'Leith Academy']",0
135,16,0,0,0,0,8.1293,0,0,0,0,Center of screen,0,0,0,0,C:/Users/manas_nmr2rze/Desktop/Capstone/NI Ad Feature Extraction Project Files V3/ING - Balloons 30 TVC.mp4,['ING Group'],1
136,67,6,3,3,0,1.11125,1.5891,0.1025,1.9778,0,Center of screen,Center of screen,Top right,Top right,0,C:/Users/manas_nmr2rze/Desktop/Capstone/NI Ad Feature Extraction Project Files V3/iPhone11 Pro - 30s TVC.mp4,"['Apple Inc.', 'Vodafone', 'Renault Trucks', 'Raha International School']",1
137,18,11,8,0,0,2.2216,0.1411,0.1163,0,0,Lower right,Lower left,Lower right,0,0,C:/Users/manas_nmr2rze/Desktop/Capstone/NI Ad Feature Extraction Project Files V3/Kaboodle - Yeah We Did 15s TVC.mp4,"['Bunnings Warehouse', 'Vertica', 'HP Indigo Division']",0
138,19,2,0,0,0,3.9312,0.1412,0,0,0,Top left,Lower right,0,0,0,C:/Users/manas_nmr2rze/Desktop/Capstone/NI Ad Feature Extraction Project Files V3/Kmart - KMA1014T1 30s Client TVC.mp4,"['Kmart Australia', 'Renault']",1
139,23,0,0,0,0,4.0064,0,0,0,0,Top center,0,0,0,0,C:/Users/manas_nmr2rze/Desktop/Capstone/NI Ad Feature Extraction Project Files V3/Kmart - KMA1014T2 30s Client  TVC.mp4,['Kmart Australia'],1
140,2,0,0,0,0,5.092,0,0,0,0,Bottom center,0,0,0,0,C:/Users/manas_nmr2rze/Desktop/Capstone/NI Ad Feature Extraction Project Files V3/Lite n Easy - Jump Start Plus 30 TVC.mp4,['Monster Energy'],0
141,21,9,7,2,0,1.674,2.2754,0.1403,0.9263,0,Lower right,Right center,Lower right,Lower left,0,C:/Users/manas_nmr2rze/Desktop/Capstone/NI Ad Feature Extraction Project Files V3/McCains Brand 30s TVC.mp4,"['McCain Foods', 'Maltesers', 'Target Corporation', 'Wyoming Cowboys']",1
142,45,0,0,0,0,4.930916667,0,0,0,0,Right center,0,0,0,0,C:/Users/manas_nmr2rze/Desktop/Capstone/NI Ad Feature Extraction Project Files V3/McDonalds - Big Mac Travel 30 TVC.mp4,"[""McDonald's""]",1
143,9,0,0,0,0,1.2199,0,0,0,0,Bottom center,0,0,0,0,C:/Users/manas_nmr2rze/Desktop/Capstone/NI Ad Feature Extraction Project Files V3/Melbourne City - Cant Miss 15 TVC.mp4,['Department of Health and Human Services'],1
144,15,12,11,0,0,1.2873,1.2279,0.1506,0,0,Lower right,Bottom center,Lower left,0,0,C:/Users/manas_nmr2rze/Desktop/Capstone/NI Ad Feature Extraction Project Files V3/Melbourne City - Cant Miss 30 TVC.mp4,"['Megelli Motorcycles', 'Department of Health and Human Services', 'TV3']",2
145,30,15,15,0,0,2.11126,0.191,0.2546,0,0,Top left,Lower left,Lower left,0,0,C:/Users/manas_nmr2rze/Desktop/Capstone/NI Ad Feature Extraction Project Files V3/Melbourne Cup Carnival 30s TVC.mp4,"['Lexus', 'AAMI', 'Myer']",0
146,40,23,6,5,2,3.50028,0.3202,0.4617,0.0932,0.1862,Top right,Right center,Lower right,Lower right,Lower right,C:/Users/manas_nmr2rze/Desktop/Capstone/NI Ad Feature Extraction Project Files V3/Menulog - Maccas Delivered Menulog Style 30 TVC.mp4,"[""McDonald's"", 'Renault', 'Bajaj Auto', 'Land Rover', 'Denver Broncos']",0
147,297,189,18,6,0,0.666604167,0.678253333,1.5435,0.112,0,Lower right,Lower left,Top right,Lower right,0,C:/Users/manas_nmr2rze/Desktop/Capstone/NI Ad Feature Extraction Project Files V3/Microsoft Surface Laptop Go - Campus Life 30 TVC.mp4,"['Microsoft Corporation', 'Harvey Norman', 'Western Sydney University', 'Renault']",1
148,31,0,0,0,0,1.7547,0,0,0,0,Bottom center,0,0,0,0,C:/Users/manas_nmr2rze/Desktop/Capstone/NI Ad Feature Extraction Project Files V3/Mondella - Imagine Choose Transform 15 TVC.mp4,['Bunnings Warehouse'],0
149,7,3,0,0,0,0.7764,49.9067,0,0,0,Top right,Center of screen,0,0,0,C:/Users/manas_nmr2rze/Desktop/Capstone/NI Ad Feature Extraction Project Files V3/Moulin Rouge The Musical 15 TVC.mp4,"['Jain International Residential School', 'Vulcania']",0
150,36,36,36,25,4,0.7485,2.1999,0.4591,1.802,1.4946,Lower left,Bottom center,Lower right,Top right,Top left,C:/Users/manas_nmr2rze/Desktop/Capstone/NI Ad Feature Extraction Project Files V3/Natures Gift Pet Food 30 TVC.mp4,"['Coles Supermarkets', 'Woolworths Supermarkets', 'IGA', 'African Development Bank', 'USC Trojans']",0
151,32,4,0,0,0,0.3618,8.0408,0,0,0,Top left,Right center,0,0,0,C:/Users/manas_nmr2rze/Desktop/Capstone/NI Ad Feature Extraction Project Files V3/Neds - Same Race Multi 15 TVC.mp4,"['Neato Robotics', 'Cleveland Cavaliers']",0
152,216,0,0,0,0,1.837723077,0,0,0,0,Top left,0,0,0,0,C:/Users/manas_nmr2rze/Desktop/Capstone/NI Ad Feature Extraction Project Files V3/Nivea Q10 Power Cream 15 TVC.mp4,['Nivea'],1
153,24,3,0,0,0,0.7511,0.2385,0,0,0,Top right,Top right,0,0,0,C:/Users/manas_nmr2rze/Desktop/Capstone/NI Ad Feature Extraction Project Files V3/Nutrigrain - To Go Range 15 TVC.mp4,"[""Kellogg's"", 'Rice Krispies']",1
154,38,15,0,0,0,5.079,17.5248,0,0,0,Right center,Right center,0,0,0,C:/Users/manas_nmr2rze/Desktop/Capstone/NI Ad Feature Extraction Project Files V3/Old El Paso Make Some Noise 15 TVC.mp4,"['Old El Paso', 'Gold Flake']",1
155,52,26,12,0,0,0.1299,0.0991,7.389,0,0,Top right,Lower right,Center of screen,0,0,C:/Users/manas_nmr2rze/Desktop/Capstone/NI Ad Feature Extraction Project Files V3/Optus - Samsung Galaxy s10 - Fine Dining TVC.mp4,"['Samsung Group', 'APUS Group', 'Optus']",1
156,42,21,15,12,0,0.1301,0.0982,0.1318,8.1419,0,Top right,Lower right,Lower right,Center of screen,0,C:/Users/manas_nmr2rze/Desktop/Capstone/NI Ad Feature Extraction Project Files V3/Optus - Samsung Galaxy s10 - Wine Tasting TVC.mp4,"['Samsung Group', 'APUS Group', 'Renault Samsung Motors', 'Optus']",1
157,13,2,2,0,0,0.2639,0.2063,0.1015,0,0,Top right,Lower right,Top right,0,0,C:/Users/manas_nmr2rze/Desktop/Capstone/NI Ad Feature Extraction Project Files V3/Panadol Extra - Chef 30 TVC.mp4,"['GlaxoSmithKline', 'Extra', 'Intel']",1
158,20,7,0,0,0,4.8121,1.5179,0,0,0,Center of screen,Top right,0,0,0,C:/Users/manas_nmr2rze/Desktop/Capstone/NI Ad Feature Extraction Project Files V3/Qantas - Qantas Rewards 15s TVC.mp4,"['Qantas', 'Oneworld']",1
159,87,20,7,0,0,2.20492,0.0909,0.1959,0,0,Lower left,Lower left,Left center,0,0,C:/Users/manas_nmr2rze/Desktop/Capstone/NI Ad Feature Extraction Project Files V3/Real Estate - Number 1 Address in Property 30 TVC.mp4,"['REA Group', ""Macy's"", 'Florida Gators']",1
160,51,17,7,7,0,5.31385,2.138,41.5779,25.2748,0,Top left,Lower right,Center of screen,Center of screen,0,C:/Users/manas_nmr2rze/Desktop/Capstone/NI Ad Feature Extraction Project Files V3/Sabco Microfibre Mop Set 15 TVC.mp4,"['Sabco', 'Bunnings Warehouse', 'Egged', 'Nvidia']",1
161,34,9,4,0,0,0.866775,0.7307,0.1106,0,0,Top right,Lower left,Lower right,0,0,C:/Users/manas_nmr2rze/Desktop/Capstone/NI Ad Feature Extraction Project Files V3/Samsung - Note10 Battery 15s TVC.mp4,"['Samsung Group', 'Nike', 'Renault']",1
162,41,15,3,0,0,2.1945,2.1724,0.2099,0,0,Lower right,Lower right,Lower left,0,0,C:/Users/manas_nmr2rze/Desktop/Capstone/NI Ad Feature Extraction Project Files V3/Snooze Better Versions 15 TVC.mp4,"['Swingline', 'Sinn', 'Nike']",0
163,155,7,6,0,0,1.218605263,0.2253,2.3597,0,0,Lower right,Top left,Top left,0,0,C:/Users/manas_nmr2rze/Desktop/Capstone/NI Ad Feature Extraction Project Files V3/Stan - Veronica Mars 30 TVC.mp4,"['Stan', 'Hawai’i Rainbow Warriors', 'University of North Texas']",1
164,53,16,9,0,0,7.8648,19.5774,0.6865,0,0,Left center,Center of screen,Bottom center,0,0,C:/Users/manas_nmr2rze/Desktop/Capstone/NI Ad Feature Extraction Project Files V3/Strepsils - Throat Traffic 15 TVC.mp4,"['Strepsils', 'SimilarWeb', 'Gothenburg Symphony Orchestra']",1
165,21,0,0,0,0,9.3933,0,0,0,0,Center of screen,0,0,0,0,C:/Users/manas_nmr2rze/Desktop/Capstone/NI Ad Feature Extraction Project Files V3/Subway - Fresh Prince 30 TVC.mp4,['Subway'],1
166,20,8,4,3,0,2.7052,0.1291,1.6005,10.8025,0,Center of screen,Lower left,Lower right,Center of screen,0,C:/Users/manas_nmr2rze/Desktop/Capstone/NI Ad Feature Extraction Project Files V3/Telstra - Time for a chat 30 TVC.mp4,"['Telstra', 'MLB', 'M4 carbine', 'Colorado Buffaloes']",1
167,47,12,5,2,0,0.366185714,0.1128,0.2855,0.6847,0,Lower left,Lower right,Top left,Top right,0,C:/Users/manas_nmr2rze/Desktop/Capstone/NI Ad Feature Extraction Project Files V3/The Bottle-O - Walking on Sunshine Parody 30 TVC.mp4,"['Jim Beam', 'Great Wall Motors', 'Nolan Helmets', 'Qlik']",1
168,27,26,14,0,0,19.0452,0.79645,2.3121,0,0,Center of screen,Lower left,Top left,0,0,C:/Users/manas_nmr2rze/Desktop/Capstone/NI Ad Feature Extraction Project Files V3/The Good Guys 15s TVC.mp4,"['The Good Guys', 'Nokia', 'LG Electronics']",1
169,19,3,3,2,0,2.57195,0.0907,0.0915,0.2825,0,Top left,Left center,Top right,Lower right,0,C:/Users/manas_nmr2rze/Desktop/Capstone/NI Ad Feature Extraction Project Files V3/Toyota - Kluger Brand 15 TVC.mp4,"['Toyota', 'Ford Motor Company', ""Dewar's"", 'World Airlines']",1
170,73,4,3,0,0,1.24396,0.1639,0.1099,0,0,Right center,Bottom center,Bottom center,0,0,C:/Users/manas_nmr2rze/Desktop/Capstone/NI Ad Feature Extraction Project Files V3/Toyota - Kluger Brand 30 TVC.mp4,"['Toyota', 'Koh-i-Noor Hardtmuth', 'Reebok']",1
171,35,2,0,0,0,1.8166,0.0907,0,0,0,Top right,Top right,0,0,0,C:/Users/manas_nmr2rze/Desktop/Capstone/NI Ad Feature Extraction Project Files V3/Toyota - Kluger Comfort 15.mp4,"['Toyota', 'Quiksilver']",1
172,22,20,0,0,0,2.58885,0.0923,0,0,0,Top left,Lower right,0,0,0,C:/Users/manas_nmr2rze/Desktop/Capstone/NI Ad Feature Extraction Project Files V3/Toyota - Kluger Hybrid 15 TVC.mp4,"['Toyota', 'Dongfeng Motor Corporation']",1
173,42,11,4,0,0,3.107733333,5.5495,0.6984,0,0,Center of screen,Bottom center,Lower right,0,0,C:/Users/manas_nmr2rze/Desktop/Capstone/NI Ad Feature Extraction Project Files V3/Toyota - Kluger Luggage Sum 15 TVC.mp4,"['Toyota', 'Pall Mall', 'Panda Restaurant Group']",1
174,49,2,0,0,0,3.026366667,0.174,0,0,0,Center of screen,Lower right,0,0,0,C:/Users/manas_nmr2rze/Desktop/Capstone/NI Ad Feature Extraction Project Files V3/Toyota - Kluger Luggage Win 15 TVC.mp4,"['Toyota', 'MLB']",1
175,28,5,0,0,0,1.775033333,0.0925,0,0,0,Right center,Left center,0,0,0,C:/Users/manas_nmr2rze/Desktop/Capstone/NI Ad Feature Extraction Project Files V3/Toyota - Kluger Safety 15 TVC.mp4,"['Toyota', 'New York Jets']",1
176,97,9,2,0,0,0.65673,0.2093,0.1555,0,0,Lower right,Lower left,Top center,0,0,C:/Users/manas_nmr2rze/Desktop/Capstone/NI Ad Feature Extraction Project Files V3/Toyota Yaris Cross 30 TVC.mp4,"['Toyota', 'White Dog Cafe', 'Subaru']",1
177,82,22,21,3,0,0.928816667,22.3399,0.1027,0.0907,0,Lower left,Lower left,Lower right,Lower left,0,C:/Users/manas_nmr2rze/Desktop/Capstone/NI Ad Feature Extraction Project Files V3/Toyota Yaris Range 30 TVC.mp4,"['Toyota', 'New York Jets', 'Subaru', 'AvtoVAZ']",1
178,22,0,0,0,0,1.5707,0,0,0,0,Bottom center,0,0,0,0,C:/Users/manas_nmr2rze/Desktop/Capstone/NI Ad Feature Extraction Project Files V3/Vic Tourism - Visit Gippsland 15 TVC.mp4,['Department of Health and Human Services'],1
179,27,26,8,7,4,3.80525,0.2356,32.4791,0.1206,0.1822,Lower right,Lower left,Center of screen,Lower left,Lower left,C:/Users/manas_nmr2rze/Desktop/Capstone/NI Ad Feature Extraction Project Files V3/Volvo XC60 30 Client TVC.mp4,"['Nissan', 'Volvo', 'DeLorean Motor Company', 'Puma', 'HMV']",2
180,43,22,16,5,0,0.270133333,7.6051,0.3322,0.2241,0,Lower left,Center of screen,Top right,Top right,0,C:/Users/manas_nmr2rze/Desktop/Capstone/NI Ad Feature Extraction Project Files V3/Volvo XC90 30 Client TVC.mp4,"['Volvo', 'Nissan', 'School of Planning and Architecture, New Delhi', 'Mennekes']",1
181,42,21,0,0,0,1.28145,0.6546,0,0,0,Lower right,Lower right,0,0,0,C:/Users/manas_nmr2rze/Desktop/Capstone/NI Ad Feature Extraction Project Files V3/Wellgrowth Olive Extract 15 TVC.mp4,"['Coles Supermarkets', 'Chemist Warehouse']",0
182,243,60,10,0,0,2.823083333,2.2349,0.2407,0,0,Top left,Top left,Top center,0,0,C:/Users/manas_nmr2rze/Desktop/Capstone/NI Ad Feature Extraction Project Files V3/Woolworths - Footy Finals Specials 15s TVC.mp4,"['Coca-Cola', 'Woolworths Supermarkets', 'Intimissimi']",2
183,14,11,0,0,0,0.1336,0.1838,0,0,0,Top left,Top right,0,0,0,C:/Users/manas_nmr2rze/Desktop/Capstone/NI Ad Feature Extraction Project Files V3/Youfoodz - with Natalie Gruzlewski 30 TVC.mp4,"['HelloFresh', ""Bloomingdale's""]",0
